article_title,onclick,article_id
"
김정은동지께서 김대중 전 대통령의 부인 리희호녀사의 유가족들에게 조의문을 보내시였다","fn_showArticle(""AR0125885"", """", ""NT00"", ""I"")",AR0125885
"
경애하는 최고령도자 김정은동지께서 김대중 전 대통령의 부인 리희호녀사의 유가족들에게 조의문과 조화를 보내시였다 ","fn_showArticle(""AR0125856"", """", ""NT00"", ""I"")",AR0125856
"
김정은동지께서 로씨야대통령에게 축전을 보내시였다","fn_showArticle(""AR0125828"", """", ""NT00"", ""I"")",AR0125828
"
경애하는 최고령도자 김정은동지께서 조선인민군 제2기 제7차 군인가족예술소조경연에서 당선된 군부대들의 군인가족예술소조원들과 기념사진을 찍으시였다 ","fn_showArticle(""AR0125807"", """", ""NT00"", ""I"")",AR0125807
"
김정은동지께서 꾸바공산당 중앙위원회 제1비서에게 축전을 보내시였다","fn_showArticle(""AR0125769"", """", ""NT00"", ""I"")",AR0125769
"
대집단체조와 예술공연 《인민의 나라》 개막 ","fn_showArticle(""AR0125770"", """", ""NT00"", ""I"")",AR0125770
"
조국통일연구원 상보","fn_showArticle(""AR0126135"", """", ""NT00"", ""L"")",AR0126135
"
조선민주주의인민공화국 조국평화통일위원회 통일선전국 고발장","fn_showArticle(""AR0126133"", """", ""NT00"", ""L"")",AR0126133
"
파멸의 운명에 처한자들의 부질없는 대결광증--조선중앙통신사 론평","fn_showArticle(""AR0126133"", """", ""NT00"", ""I"")",AR0126133
"
반제민전 중앙위원회 전국민이 일치단합하여 보수적페세력들을 척결하고 항쟁용사들이 바라던 념원을 성취하자고 호소","fn_showArticle(""AR0126098"", """", ""NT00"", ""L"")",AR0126098
"
거세찬 역풍을 몰아오는 《북풍몰이》--조선중앙통신사 론평","fn_showArticle(""AR0125885"", """", ""NT00"", ""L"")",AR0125885
"
조선반도와 세계의 평화를 위해서는 조미공동성명이 리행되여야 한다고 인도네시아정당,단체 주장","fn_showArticle(""AR0125885"", """", ""NT00"", ""I"")",AR0125885
"
김일성주석회고 스웨리예위원회 결성","fn_showArticle(""AR0125876"", """", ""NT00"", ""L"")",AR0125876
"
로씨야단체들 6.12조미공동성명채택 1돐에 즈음하여 성명 발표","fn_showArticle(""AR0125856"", """", ""NT00"", ""L"")",AR0125856
"
김정일동지의 로작을 로씨야의 인터네트홈페지가 게재","fn_showArticle(""AR0125856"", """", ""NT00"", ""I"")",AR0125856
"
민주꽁고단체 6.15북남공동선언발표 19돐에 즈음하여 뷸레찐 발행","fn_showArticle("""", """", ""NT41"", ""L"")",""", """", ""N"
"
로씨야정교회대표단 귀국","fn_showArticle(""AR0126358"", """", ""NT41"", ""L"")",AR0126358
"
조선기자동맹대표단 중국을 방문하기 위해 출발","fn_showArticle(""AR0126357"", """", ""NT41"", ""L"")",AR0126357
"
조선인민을 승리에로 향도하는 조선로동당을 국제사회계가 격찬","fn_showArticle(""AR0126356"", """", ""NT41"", ""L"")",AR0126356
"
조선반도와 세계의 평화를 위해서는 조미공동성명이 리행되여야 한다고 인도네시아정당,단체 주장","fn_showArticle(""AR0126355"", """", ""NT41"", ""L"")",AR0126355
"
남조선각계 북남선언리행을 위한 통일운동 활발히 전개","fn_showArticle(""AR0126354"", """", ""NT41"", ""L"")",AR0126354
"
김일성동지와 김정일동지의 동상을 찾아 재일조선고급학교 학생조국방문단들 경모의 정 표시","fn_showArticle(""AR0126353"", """", ""NT41"", ""L"")",AR0126353
"
김일성동지와 김정일동지의 동상을 찾아 재일동포조국방문단 경모의 정 표시","fn_showArticle(""AR0126352"", """", ""NT41"", ""L"")",AR0126352
"
총련의 방문단들 도착","fn_showArticle(""AR0126352"", """", ""NT41"", ""I"")",AR0126352
"
국제고려인통일련합회 잡지 《통일》 2019년 4-5월호 발행","fn_showArticle(""AR0126351"", """", ""NT41"", ""L"")",AR0126351
"
재일조선고급학교 학생조국방문단이 떠나갔다","fn_showArticle(""AR0126350"", """", ""NT41"", ""L"")",AR0126350
"
재능있는 건축인재들을 육성 ","fn_showArticle(""AR0126349"", """", ""NT41"", ""L"")",AR0126349
"
원격교육을 강화 ","fn_showArticle(""AR0126339"", """", ""NT41"", ""L"")",AR0126339
"
조선에서 적십자활동 활발 ","fn_showArticle(""AR0126338"", """", ""NT41"", ""L"")",AR0126338
"
평양국제건강 및 의료기구부문 과학기술전시회 개막  ","fn_showArticle(""AR0126335"", """", ""NT41"", ""L"")",AR0126335
