club,city,url
Alabama Mineral & Lapidary Society,Birmingham,"<a href=""http://www.lapidaryclub.com/"">Alabama Mineral &amp; Lapidary Society</a>"
Dothan Gem & Mineral Club,Dothan,"<a href=""http://www.wiregrassrockhounds.com/"">Dothan Gem &amp; Mineral Club</a>"
Huntsville Gem and Mineral Society,Huntsville,"<a href=""http://huntsvillegms.org/"">Huntsville Gem and Mineral Society</a>"
Mobile Rock & Gem Society,Mobile,"<a href=""http://www.mobilerockandgem.com/"">Mobile Rock &amp; Gem Society</a>"
Montgomery Gem & Mineral Society,Montgomery,"<a href=""http://montgomerygemandmineralsociety.com/mgms/"">Montgomery Gem &amp; Mineral Society</a>"
Chugach Gem & Mineral Society,Anchorage,"<a name=""ak""></a>"
Mat-Su Rock and Mineral Club,Palmer,"<a href=""http://www.chugachgemandmineralsociety.com/"">Chugach Gem &amp; Mineral Society</a>"
Apache Junction Rock and Gem Club,Apache Junction,"<a href=""http://matsurockclub.com/"">Mat-Su Rock and Mineral Club</a>"
Black Canyon City Rock Club,Black Canyon City,"<a name=""az""></a>"
Daisy Mountain Rock & Mineral Club,Anthem,"<a href=""http://www.ajrockclub.com/"">Apache Junction Rock and Gem Club</a>"
Gila County Gem & Mineral Society,Miami,"<a href=""http://www.bccrockclub.mysite.com/"">Black Canyon City Rock Club</a>"
Huachuca Mineral and Gem Club,Sierra Vista,"<a href=""http://www.dmrmc.com/"">Daisy Mountain Rock &amp; Mineral Club</a>"
Lake Havasu Gem & Mineral Society,Lake Havasu City,"<a href=""http://gilagem.org/"">Gila County Gem &amp; Mineral Society</a>"
Mineralogical Society of Arizona,Scottsdale,"<a href=""http://www.huachucamineralandgemclub.info/"">Huachuca Mineral and Gem Club</a>"
Mingus Gem & Mineral Club,Cottonwood,"<a href=""http://www.lakehavasugms.org/"">Lake Havasu Gem &amp; Mineral Society</a>"
Mohave County Gemstoners,Kingman,"<a href=""http://www.msaaz.org/"">Mineralogical Society of Arizona</a>"
Old Pueblo Lapidary Club,Tucson,"<a href=""http://www.mingusclub.org/"">Mingus Gem &amp; Mineral Club</a>"
Prescott Gem & Mineral Club,Prescott Valley,"<a href=""http://www.gemstoners.org/"">Mohave County Gemstoners</a>"
Quartzsite Roadrunners Gem & Mineral Club,Quartzsite,"<a href=""http://www.lapidaryclub.org/"">Old Pueblo Lapidary Club</a>"
Rockhounds West,Phoenix,"<a href=""http://www.prescottgemmineral.org/"">Prescott Gem &amp; Mineral Club</a>"
Sedona Gem & Mineral Club,Sedona,"<a href=""http://www.qrgmc.org/"">Quartzsite Roadrunners Gem &amp; Mineral Club</a>"
Silvery Colorado River Rock Club,Bullhead City,"<a href=""http://rockhounds.scwclubs.com/"">Rockhounds West</a>"
Sunsites Gem and Mineral Club,Pearce,"<a href=""http://www.sedonagemandmineral.org/"">Sedona Gem &amp; Mineral Club</a>"
Tucson Gem and Mineral Society,Tucson,"<a href=""http://scrrc.blogspot.com/"">Silvery Colorado River Rock Club</a>"
Verde River Rockhounds,Cottonwood,"<a href=""https://sites.google.com/site/cochisecountyrock/"">Sunsites Gem and Mineral Club</a>"
West Valley Rock & Mineral Club,Buckeye,"<a href=""http://www.tgms.org/"">Tucson Gem and Mineral Society</a>"
White Mountain Gem & Mineral Club,Show Low,"<a href=""http://www.verderiverrockhounds.com/"">Verde River Rockhounds</a>"
Wickenburg Gem and Mineral Society,Wickenburg,"<a href=""http://www.westvalleyrockandmineralclub.com/"">West Valley Rock &amp; Mineral Club</a>"
"Central Arkansas Gem, Mineral and Geology Society",Little Rock,"<a href=""http://whitemountain-azrockclub.org/"">White Mountain Gem &amp; Mineral Club</a>"
Northwest Arkansas Gem & Mineral Society,Siloam Springs,"<a href=""http://www.wickenburggms.org/"">Wickenburg Gem and Mineral Society</a>"
"Ozark Earth Science Gem, Mineral & Fossil Club",Mountain Home,"<a name=""ar""></a>"
Amador County Gem & Mineral Society,Sutter Creek,"<a href=""http://www.centralarrockhound.org/"">Central Arkansas Gem, Mineral and Geology Society</a>"
American Opal Society,Anaheim,"<a href=""http://www.nwarockhounds.org/"">Northwest Arkansas Gem &amp; Mineral Society</a>"
Antelope Valley Gem and Mineral Club,Lancaster,"<a href=""https://www.ozarkearthscience.com/"">Ozark Earth Science Gem, Mineral &amp; Fossil Club</a>"
Antioch Lapidary Club,Antioch,"<a name=""ca""></a>"
Borrego Rock and Gem Club,Borrego Springs,"<a href=""http://www.amadorgemandmineral.org/"">Amador County Gem &amp; Mineral Society</a>"
Calaveras Gem & Mineral Society,Angels Camp,"<a href=""http://www.opalsociety.org/"">American Opal Society</a>"
Carmel Valley Gem and Mineral Society,Pacific Grove,"<a href=""http://avgem.weebly.com/"">Antelope Valley Gem and Mineral Club</a>"
Central Coast Treasure Hunters Association,San Luis Obispo,"<a href=""http://www.antiochlapidaryclub.com/"">Antioch Lapidary Club</a>"
Coalinga Rockhound Society,Coalinga,"<a href=""http://www.abdnha.org/bragclub.html"">Borrego Rock and Gem Club</a>"
Conejo Gem & Mineral Club,Thousand Oaks,"<a href=""http://www.calaverasgemandmineral.org/"">Calaveras Gem &amp; Mineral Society</a>"
Contra Costa Mineral & Gem Society,Concord,"<a href=""http://www.cvgms.rocks/"">Carmel Valley Gem and Mineral Society</a>"
The Culver City Rock and Mineral Club,Culver City,"<a href=""http://www.cctha.org/"">Central Coast Treasure Hunters Association</a>"
Del Air Rockhounds Club,Northridge,"<a href=""https://sites.google.com/site/coalingarockhounds/"">Coalinga Rockhound Society</a>"
Delvers Gem & Mineral Society,Bellflower,"<a href=""http://www.cgamc.org/"">Conejo Gem &amp; Mineral Club</a>"
El Cajon Valley Gem & Mineral Society,El Cajon,"<a href=""http://www.ccmgs.org/"">Contra Costa Mineral &amp; Gem Society</a>"
El Dorado County Mineral and Gem Society,Placerville,"<a href=""http://culvercityrocks.org/"">The Culver City Rock and Mineral Club</a>"
Faceters Guild of Southern California,Buena Park,"<a href=""http://delairrockhounds.blogspot.com/"">Del Air Rockhounds Club</a>"
"Fallbrook Gem and Mineral Society, Inc.",Fallbrook,"<a href=""https://delversgemclub.wordpress.com/"">Delvers Gem &amp; Mineral Society</a>"
Feather River Lapidary & Mineral Society,Oroville,"<a href=""http://www.ecvgms.org/"">El Cajon Valley Gem &amp; Mineral Society</a>"
First Class Miners,Yucca Valley,"<a href=""http://www.eldoradomineralandgem.org/"">El Dorado County Mineral and Gem Society</a>"
"Fossils for Fun Society, Inc.",North Highlands,"<a href=""http://www.fgosc.com/"">Faceters Guild of Southern California</a>"
Fresno Gem & Mineral Society,Fresno,"<a href=""http://www.fgms.org/FGMS/Home.html"">Fallbrook Gem and Mineral Society, Inc.</a>"
Gold Country Treasure Seekers,Placerville,"<a href=""http://www.featherriverrocks.org/"">Feather River Lapidary &amp; Mineral Society</a>"
Hi-Desert Rockhounds of Morongo Valley,Yucca Valley,"<a href=""http://www.firstclassminers.org/"">First Class Miners</a>"
Indian Wells Valley Gem & Mineral Society,Ridgecrest,"<a href=""https://www.facebook.com/The-Fossils-for-Fun-Society-994879667246272/"">Fossils for Fun Society, Inc.</a>"
Kern County Mineral Society,Bakersfield,"<a href=""http://fgms.us/"">Fresno Gem &amp; Mineral Society</a>"
Lemoore Gem and Mineral Club,Lemoore,"<a href=""https://goldcountrytreasureseekers.shutterfly.com/"">Gold Country Treasure Seekers</a>"
Livermore Valley Lithophiles,Livermore,"<a href=""http://www.hi-desertrockhounds.org/"">Hi-Desert Rockhounds of Morongo Valley</a>"
Line Pine Gem & Mieral Society,Lone Pine,"<a href=""http://indianwells.weebly.com/"">Indian Wells Valley Gem &amp; Mineral Society</a>"
Mariposa Gem & Mineral Club,Mariposa,"<a href=""http://kerncountymineralsociety.org/"">Kern County Mineral Society</a>"
Mineral & Gem Society of Castro Valley,Hayward,"<a href=""https://www.facebook.com/Lemoore-Gem-and-Mineral-Club-706220872829687/"">Lemoore Gem and Mineral Club</a>"
Mineralogical Society of Southern California,Pasadena,"<a href=""http://www.lithophiles.com/"">Livermore Valley Lithophiles</a>"
Mojave Desert Gem & Mineral Society,Barstow,"<a href=""http://lpgms.org/"">Line Pine Gem &amp; Mieral Society</a>"
Monrovia Rock Hounds Inc.,Monrovia,"<a href=""http://mariposagmc.org/"">Mariposa Gem &amp; Mineral Club</a>"
Mother Lode Mineral Society,Modesto,"<a href=""http://www.mgscv.org/"">Mineral &amp; Gem Society of Castro Valley</a>"
Needles Gem & Mineral Club,Mohave Valley,"<a href=""http://www.mineralsocal.org/"">Mineralogical Society of Southern California</a>"
Nevada County Gem & Mineral Society,Grass Valley,"<a href=""http://www.mdgms.net/"">Mojave Desert Gem &amp; Mineral Society</a>"
Northern California Geological Society,Orinda,"<a href=""http://www.moroks.com/"">Monrovia Rock Hounds Inc.</a>"
North Orange County Gem & Mineral Society,La Habra,"<a href=""http://www.motherlodemineralsociety.com/"">Mother Lode Mineral Society</a>"
Orange Belt Mineralogical Society,San Bernardino,"<a href=""http://needlesgemmineralclub.blogspot.com/"">Needles Gem &amp; Mineral Club</a>"
Orcutt Mineral Society,Santa Maria,"<a href=""http://www.ncgms.org/"">Nevada County Gem &amp; Mineral Society</a>"
Oxnard Gem & Mineral Society,Oxnard,"<a href=""http://www.ncgeolsoc.org/"">Northern California Geological Society</a>"
Palmdale Gem & Mineral Club,Palmdale,"<a href=""http://www.nocgms.com/"">North Orange County Gem &amp; Mineral Society</a>"
Palomar Gem & Mineral Club,Escondido,"<a href=""http://obmsrocks.yolasite.com/"">Orange Belt Mineralogical Society</a>"
Palos Verdes Gem & Mineral Society,Rolling Hills Estates,"<a href=""http://www.omsinc.org/"">Orcutt Mineral Society</a>"
Paradise Gem & Mineral Club,Paradise,"<a href=""http://oxnardgem.com/home/"">Oxnard Gem &amp; Mineral Society</a>"
Pasadena Lapidary Society,Pasadena,"<a href=""https://www.facebook.com/palmdalegemandmineralclub/"">Palmdale Gem &amp; Mineral Club</a>"
"Peninsula Gem & Geology Society, Inc.",Los Altos,"<a href=""http://palomargem.org/"">Palomar Gem &amp; Mineral Club</a>"
Roseville Rock Rollers,Roseville,"<a href=""http://www.palos-verdes-gem-and-mineral-society.org/"">Palos Verdes Gem &amp; Mineral Society</a>"
Route 66 Gold Miners Inc,Brea,"<a href=""http://www.paradisegem.org/"">Paradise Gem &amp; Mineral Club</a>"
Sacramento Mineral Society,Sacramento,"<a href=""http://www.pasadenalapidarysociety.org/"">Pasadena Lapidary Society</a>"
Sacramento Valley Detecting Buffs,North Highlands,"<a href=""http://pggs.org/"">Peninsula Gem &amp; Geology Society, Inc.</a>"
Salinas Valley Rock and Gem Club,Salinas,"<a href=""http://www.rockrollers.com/"">Roseville Rock Rollers</a>"
San Diego Gem and Mineral Society,San Diego,"<a href=""http://www.route66goldminers.org/"">Route 66 Gold Miners Inc</a>"
San Diego Lapidary Society,San Diego,"<a href=""http://www.sacramentomineralsociety.org/"">Sacramento Mineral Society</a>"
"San Francisco Gem and Mineral Society, Inc.",San Francisco,"<a href=""http://www.sacramentovalleydetectingbuffs.com/"">Sacramento Valley Detecting Buffs</a>"
San Joaquin Valley Lapidary Society,Bakersfield,"<a href=""https://salinasrockandgem.pagecloud.com/"">Salinas Valley Rock and Gem Club</a>"
San Luis Obispo Gem & Mineral Club,San Luis Obispo,"<a href=""http://www.sdmg.org/"">San Diego Gem and Mineral Society</a>"
"Santa Ana Rock & Mineral Club, Inc.",Santa Ana,"<a href=""http://sandiegolapidarysociety.org/"">San Diego Lapidary Society</a>"
Santa Clara Valley Gem & Mineral Society,San Jose,"<a href=""http://www.sfgms.org/"">San Francisco Gem and Mineral Society, Inc.</a>"
Santa Cruz Mineral and Gem Society,Santa Cruz,"<a href=""http://sjvls.blogspot.com/"">San Joaquin Valley Lapidary Society</a>"
Santa Lucia Rockhounds,Paso Robles,"<a href=""http://www.slogem.org/"">San Luis Obispo Gem &amp; Mineral Club</a>"
"Santa Rosa Mineral And Gem Society, Inc.",Santa Rosa,"<a href=""http://www.sarmclub.org/"">Santa Ana Rock &amp; Mineral Club, Inc.</a>"
Searchers Gem and Mineral Society,Anaheim,"<a href=""http://www.scvgms.org/"">Santa Clara Valley Gem &amp; Mineral Society</a>"
"Searles Lake Gem and Mineral Society, Inc.",Trona,"<a href=""https://www.facebook.com/scmgs/"">Santa Cruz Mineral and Gem Society</a>"
Sequoia Gem and Mineral Society,Redwood City,"<a href=""http://www.slrockhounds.org/"">Santa Lucia Rockhounds</a>"
Shadow Mountain Gem & Mineral Society,Palm Springs,"<a href=""http://www.srmgs.org/"">Santa Rosa Mineral And Gem Society, Inc.</a>"
Shasta Gem & Mineral Society,Redding,"<a href=""https://www.searchersrocks.org/"">Searchers Gem and Mineral Society</a>"
Sierra Pelona Rock Club,Newhall,"<a href=""http://www1.iwvisp.com/tronagemclub/"">Searles Lake Gem and Mineral Society, Inc.</a>"
South Bay Lapidary & Mineral Society,Torrance,"<a href=""http://www.sequoiagemandmineralsociety.org/"">Sequoia Gem and Mineral Society</a>"
South Orange County Gem & Mineral Society,San Clemente,"<a href=""http://www.shadowmountaingemmineral.org/"">Shadow Mountain Gem &amp; Mineral Society</a>"
Southern California Paleontological Society,Los Angeles,"<a href=""http://www.shastagemandmineral.com/"">Shasta Gem &amp; Mineral Society</a>"
Stockton Lapidary & Mineral Club,Stockton,"<a href=""http://www.sierrapelona.com/"">Sierra Pelona Rock Club</a>"
Sutter Buttes Gem & Mineral Society,Marysville,"<a href=""https://southbaylapidaryandmineralsociety.com/"">South Bay Lapidary &amp; Mineral Society</a>"
Tehachapi Valley Gem & Mineral Society,Tehachapi,"<a href=""https://www.facebook.com/South-Orange-County-Gem-Mineral-Society-255366124502612/"">South Orange County Gem &amp; Mineral Society</a>"
Tule Gem and Mineral Society,Farmersville,"<a href=""http://socalpaleo.com/"">Southern California Paleontological Society</a>"
Vallejo Gem & Mineral Society,Vallejo,"<a href=""http://www.stocktonlapidary.com/"">Stockton Lapidary &amp; Mineral Club</a>"
"Valley Prospectors, Inc.",San Bernardino,"<a href=""https://sutterbuttesgemmin.org/"">Sutter Buttes Gem &amp; Mineral Society</a>"
"Ventura Gem & Mineral Society, Inc",Ventura,"<a href=""http://www.tvgms.org/"">Tehachapi Valley Gem &amp; Mineral Society</a>"
Victor Valley Gem and Mineral Club,Victorville,"<a href=""http://www.tulegem.com/"">Tule Gem and Mineral Society</a>"
Vista Gem & Mineral Society,Vista,"<a href=""http://www.vjgems.org/"">Vallejo Gem &amp; Mineral Society</a>"
West Coast Prospectors & Treasure Hunters Association,Garden Grove,"<a href=""https://www.valleyprospectors.com/"">Valley Prospectors, Inc.</a>"
West End Prospectors Corporation,Norco,"<a href=""http://vgms.org/"">Ventura Gem &amp; Mineral Society, Inc</a>"
"Whittier Gem and Mineral Society, Inc.",Whittier,"<a href=""http://www.vvgmc.org/"">Victor Valley Gem and Mineral Club</a>"
"Woodland Hills Rock Chippers, Inc.",San Fernando Valley,"<a href=""http://www.vistarocks.org/"">Vista Gem &amp; Mineral Society</a>"
Yucaipa Valley Gem & Mineral Society,Yucaipa,"<a href=""http://westcoasters.org/"">West Coast Prospectors &amp; Treasure Hunters Association</a>"
Canon City Geology Club,Canon City,"<a href=""http://www.wepcgold.com"">West End Prospectors Corporation</a>"
Colorado Gold Camp,Frisco,"<a href=""http://wgmsca.com/index.html"">Whittier Gem and Mineral Society, Inc.</a>"
Colorado Mineral Society,Lakewood,"<a href=""http://www.rockchippers.org/"">Woodland Hills Rock Chippers, Inc.</a>"
Colorado Prospector,Alamosa,"<a href=""http://www.yvgms.org/wiki/"">Yucaipa Valley Gem &amp; Mineral Society</a>"
Colorado Springs Mineral Society,Colorado Springs,"<a name=""co""></a>"
Columbine Gem and Mineral Society,Salida,"<a href=""http://www.canoncitygeologyclub.com/"">Canon City Geology Club</a>"
Denver Gem and Mineral Guild,Denver,"<a href=""http://coloradogoldcamp.com/"">Colorado Gold Camp</a>"
Flatirons Mineral Club,Boulder,"<a href=""http://www.coloradomineralsociety.org/"">Colorado Mineral Society</a>"
Fort Collins Rockhounds,Fort Collins,"<a href=""http://www.coloradoprospector.com/"">Colorado Prospector</a>"
Four Corners Gem & Mineral Club,Durango,"<a href=""http://www.csms1936.com/"">Colorado Springs Mineral Society</a>"
Friends of Mineralogy - Colorado Chapter ,Denver,"<a href=""http://rockaholics.org/"">Columbine Gem and Mineral Society</a>"
Grand Junction Gem & Mineral Club,Grand Junction,"<a href=""http://denvergem.org/index.html"">Denver Gem and Mineral Guild</a>"
Lake George Gem & Mineral club,Lake George,"<a href=""http://flatironsmineralclub.org/"">Flatirons Mineral Club</a>"
"Littleton Gem and Mineral Club, Inc.",Littleton,"<a href=""http://www.fortcollinsrockhounds.org/"">Fort Collins Rockhounds</a>"
Mile High Rock and Mineral Society,Arvada,"<a href=""http://www.durangorocks.org/"">Four Corners Gem &amp; Mineral Club</a>"
North Jeffco Gem & Mineral Club,Arvada,"<a href=""http://friendsofmineralogycolorado.org/"">Friends of Mineralogy - Colorado Chapter </a>"
Pueblo Rockhounds,Pueblo,"<a href=""http://www.grandjunctionrockclub.org/"">Grand Junction Gem &amp; Mineral Club</a>"
Western Interior Paleontological Society,Denver,"<a href=""http://www.lggmclub.org/"">Lake George Gem &amp; Mineral club</a>"
Bristol Gem & Mineral Club,Bristol,"<a href=""http://littletongemandmineralclub.com/"">Littleton Gem and Mineral Club, Inc.</a>"
Danbury Mineralogical Society,Danbury,"<a href=""http://www.milehirams.com/"">Mile High Rock and Mineral Society</a>"
Lapidary and Mineral Society of Central Connecticut,Meriden,"<a href=""http://www.peaktopeak.com/njeffco/index.php"">North Jeffco Gem &amp; Mineral Club</a>"
New Haven Mineral Club,New Haven,"<a href=""http://www.pueblorockhounds.org/"">Pueblo Rockhounds</a>"
Stamford Mineralogical Society,Stamford,"<a href=""http://www.westernpaleo.org/"">Western Interior Paleontological Society</a>"
"Delaware Mineralogical Society, Inc.",Wilmington,"<a name=""ct""></a>"
Canaveral Mineral & Gem Society,Melbourne,"<a href=""http://bristolgem.org/"">Bristol Gem &amp; Mineral Club</a>"
Central Brevard Rock and Gem Club,Merritt Island,"<a href=""http://danburymineralogicalsociety.weebly.com/"">Danbury Mineralogical Society</a>"
Central Florida Mineral and Gem Society,Winter Park,"<a href=""http://www.lmscc.org/"">Lapidary and Mineral Society of Central Connecticut</a>"
Florida Fossil Hunters,Orlando,"<a href=""http://www.newhavenmineralclub.org/"">New Haven Mineral Club</a>"
Florida Gold Coast Gem & Mineral Society,Hollywood,"<a href=""http://www.stamfordmineralsociety.org/"">Stamford Mineralogical Society</a>"
Fossil Club of Lee County,Ft. Myers,"<a name=""de""></a>"
Gainesville Gem & Mineral Society,Gainesville,"<a href=""http://www.delminsociety.net/"">Delaware Mineralogical Society, Inc.</a>"
Gem and Mineral Society of the Palm Beaches,West Palm Beach,"<a name=""fl""></a>"
"Imperial Bone Valley Gem, Mineral, & Fossil Society",Lakeland,"<a href=""http://www.canaveral-mgs.com/"">Canaveral Mineral &amp; Gem Society</a>"
"Jacksonville Gem and Mineral Society, Inc.",Jacksonville,"<a href=""http://www.centralbrevardgems.org/"">Central Brevard Rock and Gem Club</a>"
"Miami Mineralogical and Lapidary Guild, Inc.",Miami,"<a href=""http://www.cfmgs.org/"">Central Florida Mineral and Gem Society</a>"
Playground Gem and Mineral Society,Ft. Walton Beach,"<a href=""http://floridafossilhunters.com/"">Florida Fossil Hunters</a>"
Southwest Florida Fossil Society,Punta Gorda,"<a href=""http://fgcgms.com/main/"">Florida Gold Coast Gem &amp; Mineral Society</a>"
St Lucie County Rock and Gem Club,Port St Lucie,"<a href=""http://www.fcolc.com/"">Fossil Club of Lee County</a>"
Suncoast Gem and Mineral Society,St Petersburg,"<a href=""http://gainesvillegms.weebly.com/"">Gainesville Gem &amp; Mineral Society</a>"
Tampa Bay Fossil Club,Palm Harbor,"<a href=""http://www.gemandmineralsociety.org/"">Gem and Mineral Society of the Palm Beaches</a>"
"Tampa Bay Mineral & Science Club, Inc.",Tampa,"<a href=""http://www.bonevalley.net/"">Imperial Bone Valley Gem, Mineral, &amp; Fossil Society</a>"
The Villages Gem and Mineral Society,The Villages,"<a href=""http://www.jaxgemandmineral.org/"">Jacksonville Gem and Mineral Society, Inc.</a>"
Tomoka Faceters Guild,Palm Coast,"<a href=""http://www.mmlg-inc.org/"">Miami Mineralogical and Lapidary Guild, Inc.</a>"
Withlacoochee Rockhounds,Spring Hill,"<a href=""http://playgroundgem.org/"">Playground Gem and Mineral Society</a>"
Athens Rock and Gem Club,Athens,"<a href=""http://www.southwestfloridafossilsociety.org/"">Southwest Florida Fossil Society</a>"
Augusta Gem & Mineral Society,Augusta,"<a href=""http://www.slcrockandgem.org/"">St Lucie County Rock and Gem Club</a>"
Cobb County Gem and Mineral Society,Marietta,"<a href=""http://sgams.com/"">Suncoast Gem and Mineral Society</a>"
"Georgia Mineral Society, Inc.",Norcross,"<a href=""http://www.tampabayfossilclub.com/"">Tampa Bay Fossil Club</a>"
Mid-Georgia Gem and Mineral Society,Macon,"<a href=""http://www.tampabayrockclub.com/"">Tampa Bay Mineral &amp; Science Club, Inc.</a>"
Rome Georgia Mineral Society Inc.,Rome,"<a href=""http://www.thevillagesgemandmineralsociety.com/"">The Villages Gem and Mineral Society</a>"
"Hui Pohaku 'O Hawai'i Rock & Mineral Society of Hawai'i, Inc.",Honolulu,"<a href=""http://www.tomokafacetersguild.org/index.html"">Tomoka Faceters Guild</a>"
"Hells Canyon Gem Club, Inc.",Lewiston,"<a href=""http://www.withlacoocheerockhounds.com/"">Withlacoochee Rockhounds</a>"
Idaho Falls Gem & Mineral Society,Idaho Falls,"<a name=""ga""></a>"
"Idaho Gem Club, Inc.",Boise,"<a href=""http://www.athensrockandgemclub.org/"">Athens Rock and Gem Club</a>"
Magic Valley Gem Club,Twin Falls,"<a href=""http://agams.club/"">Augusta Gem &amp; Mineral Society</a>"
North Idaho Mineral Club,Coeur d'Alene,"<a href=""https://www.ccgms.org/"">Cobb County Gem and Mineral Society</a>"
Owyhee Gem & Mineral Society,Caldwell,"<a href=""http://www.gamineral.org/"">Georgia Mineral Society, Inc.</a>"
Pend Oreille Rock and Gem Club,Oldtown,"<a href=""http://midgagmsorg.ipage.com/"">Mid-Georgia Gem and Mineral Society</a>"
Southeast Idaho Gem and Mineral Society,Boise,"<a href=""https://rogams.wordpress.com/"">Rome Georgia Mineral Society Inc.</a>"
Black Hawk Gem & Mineral Club,Rock Island,"<a name=""hi""></a>"
Central Illinois Gem & Mineral Club,Decatur,"<a href=""http://pohakugalore.net/Hui_pohaku/Hiu_pohaku_1.html"">Hui Pohaku 'O Hawai'i Rock &amp; Mineral Society of Hawai'i, Inc.</a>"
Chicago Rocks & Minerals Society,Skokie,"<a name=""id""></a>"
Elgin Rock Club,Elgin,"<a href=""http://www.hellscanyongemclub.com/"">Hells Canyon Gem Club, Inc.</a>"
"Geodeland Earth Science Clubs, Inc.",Macomb,"<a href=""http://ifgemmineral.weebly.com/"">Idaho Falls Gem &amp; Mineral Society</a>"
Lincoln Orbit Earth Science Society,Springfield,"<a href=""http://www.idahogemclub.com/"">Idaho Gem Club, Inc.</a>"
Midwest Historical Research Society,Chicago,"<a href=""http://magicvalleygemclub.org/"">Magic Valley Gem Club</a>"
Northwest Illinois Rock Club,Freeport,"<a href=""http://www.northidahomineralclub.com/"">North Idaho Mineral Club</a>"
Peoria Academy of Science Geology Section,Peoria,"<a href=""http://www.owyheerocks.com/"">Owyhee Gem &amp; Mineral Society</a>"
Southern Illinois Earth Science Club,Benton,"<a href=""https://pendoreillerockandgemclub.wordpress.com/"">Pend Oreille Rock and Gem Club</a>"
West Central Illinois Rock & Mineral Club,Macomb,"<a href=""https://www.facebook.com/SEIGMS"">Southeast Idaho Gem and Mineral Society</a>"
West Suburban Lapidary Club,Elmhurst,"<a name=""il""></a>"
500 Earth Sciences Club,Indianapolis,"<a href=""http://www.blackhawkgemandmineralclub.com/"">Black Hawk Gem &amp; Mineral Club</a>"
Brown County Rock and Mineral Club,Nashville,"<a href=""http://rmkapta.wixsite.com/cigmc"">Central Illinois Gem &amp; Mineral Club</a>"
Calumet Gem & Mineral Society,Crown Point,"<a href=""http://www.chicagorocks.org/"">Chicago Rocks &amp; Minerals Society</a>"
Evansville Lapidary Society,Evansville,"<a href=""http://elginrockclub.org/"">Elgin Rock Club</a>"
"Eastern Indiana Gem & Geological Society, Inc.",Richmond,"<a href=""http://www.geodeland.com/"">Geodeland Earth Science Clubs, Inc.</a>"
"Lawrence County Rock Club, Inc",Bedford,"<a href=""http://www.loess.org/"">Lincoln Orbit Earth Science Society</a>"
"Michiana Gem & Mineral Society, Inc.",South Bend,"<a href=""http://www.mhrsusa.com/"">Midwest Historical Research Society</a>"
Three Rivers Gem & Mineral Society,Fort Wayne,"<a href=""http://nwilrockclubfrpt.blogspot.com/"">Northwest Illinois Rock Club</a>"
Cedar Valley Rocks and Minerals Society,Cedar Rapids,"<a href=""http://www.pasgeology.com/"">Peoria Academy of Science Geology Section</a>"
Des Moines Lapidary Society,Des Moines,"<a href=""http://www.siesclub.org/"">Southern Illinois Earth Science Club</a>"
Geology Club @ Cornell College,Mount Vernon,"<a href=""http://www.rockchatter.com/"">West Central Illinois Rock &amp; Mineral Club</a>"
Iowa State University Geology Club,Ames,"<a href=""http://www.westsuburbanlapidaryclub.com/"">West Suburban Lapidary Club</a>"
River Valley Rockhounds,Fort Dodge,"<a name=""in""></a>"
The Sac & Fox Lapidary Club,Fairfield,"<a href=""http://www.500earthsciencesclub.org/"">500 Earth Sciences Club</a>"
Olathe Gem and Mineral Society,Kansas City,"<a href=""http://browncountyrock.webs.com/"">Brown County Rock and Mineral Club</a>"
Topeka Gem & Mineral Society,Topeka,"<a href=""https://www.facebook.com/calumetrockclub"">Calumet Gem &amp; Mineral Society</a>"
Wichita Gem and Mineral Society,Wichita,"<a href=""http://evansvillelapidarysociety.tumblr.com/"">Evansville Lapidary Society</a>"
Wichita Paleontological Society,Wichita,"<a href=""http://eiggs.weebly.com/"">Eastern Indiana Gem &amp; Geological Society, Inc.</a>"
Blue Grass Gem & Mineral Club of Central Kentucky,Lexington,"<a href=""http://www.lawrencecountyrockclub.org/"">Lawrence County Rock Club, Inc</a>"
KYANA Geological Society,Louisville,"<a href=""http://www.michianagms.org/"">Michiana Gem &amp; Mineral Society, Inc.</a>"
Kentucky Paleontological Society,Lexington,"<a href=""http://3riversgem_mineral.tripod.com/"">Three Rivers Gem &amp; Mineral Society</a>"
Ark-La-Tex Gem & Mineral Society,Shreveport,"<a name=""ia""></a>"
Baton Rouge Gem & Mineral Society,Baton Rouge,"<a href=""http://www.cedarvalleyrockclub.org/"">Cedar Valley Rocks and Minerals Society</a>"
DeRidder Gem & Mineral Society,Leesville,"<a href=""http://dmlapidary.org/"">Des Moines Lapidary Society</a>"
Kennebec Rocks and Minerals Club,Winthrop,"<a href=""http://orgs.cornellcollege.edu/geo_club/"">Geology Club @ Cornell College</a>"
Maine Mineralogical & Geological Society,Portland,"<a href=""https://www.facebook.com/ISUGEOCLUB/"">Iowa State University Geology Club</a>"
Oxford County Mineral and Gem Association,South Paris,"<a href=""http://amfed.org/mwf/states/Iowa/RiverValley.html"">River Valley Rockhounds</a>"
Penobscot Mineral and Lapidary Club,Milford,"<a href=""http://members.iowatelecom.net/billrath/rock_club.html"">The Sac &amp; Fox Lapidary Club</a>"
American Fossil Federation,Bowie,"<a name=""ks""></a>"
Baltimore Mineral Society,Baltimore,"<a href=""http://olathegemclub.com/"">Olathe Gem and Mineral Society</a>"
Calvert Marine Museum Fossil Club,Solomons,"<a href=""http://www.topekagms.org/"">Topeka Gem &amp; Mineral Society</a>"
Central Maryland Rock and Mineral Collectors Exchange,Elkridge,"<a href=""http://www.wgmsks.org/"">Wichita Gem and Mineral Society</a>"
Chesapeake Gem & Mineral Society,Baltimore,"<a href=""http://www.reocities.com/CapeCanaveral/Hangar/4265/home.html"">Wichita Paleontological Society</a>"
"Gem Cutters Guild of Baltimore, Inc.",Baltimore,"<a name=""ky""></a>"
"Gem, Lapidary, and Mineral Society of Montgomery County, MD., Inc.",Rockville,"<a href=""http://bggamc.homestead.com/"">Blue Grass Gem &amp; Mineral Club of Central Kentucky</a>"
Maryland Geological Society,Bowie,"<a href=""http://www.kyanageo.org/"">KYANA Geological Society</a>"
Micromineralogists of the National Capital Area,"Washington, DC","<a href=""http://www.uky.edu/OtherOrgs/KPS/"">Kentucky Paleontological Society</a>"
Patuxent Lapidary Guild,Annapolis,"<a name=""la""></a>"
Southern Maryland Rock and Mineral Club,Clinton,"<a href=""http://larockclub.com/"">Ark-La-Tex Gem &amp; Mineral Society</a>"
The Mineralogical Society of the District of Columbia,"Washington, DC","<a href=""http://www.brgemandmineral.org/"">Baton Rouge Gem &amp; Mineral Society</a>"
"Boston Mineral Club, Inc.",Boston,"<a href=""https://www.facebook.com/DeRidder-Gem-Mineral-Society-1123146734440993/"">DeRidder Gem &amp; Mineral Society</a>"
Connecticut Valley Mineral Club,Springfield,"<a name=""me""></a>"
Micromounters of New England,Chemlsford,"<a href=""http://kennebec-rocksandminerals.com/"">Kennebec Rocks and Minerals Club</a>"
Nashoba Valley Mineralogical Society,Westford,"<a href=""http://mainemineralclub.org/"">Maine Mineralogical &amp; Geological Society</a>"
North Shore Rock & Mineral Club of Massachusetts,South Hamilton,"<a href=""http://ocmgassoc.blogspot.com/"">Oxford County Mineral and Gem Association</a>"
Northern Berkshire Mineral Club,North Adams,"<a href=""http://penobscotminerallapidaryclub.com/index.html"">Penobscot Mineral and Lapidary Club</a>"
Southeastern Massachusetts Mineral Club,Bridgewater,"<a name=""md""></a>"
Worcester Mineral Club,Worcester,"<a href=""http://americanfossilfederation.org/Home.html"">American Fossil Federation</a>"
"Big Rapids Rock, Gem & Mineral Club",Big Rapids,"<a href=""http://www.baltimoremineralsociety.org/"">Baltimore Mineral Society</a>"
Central Michigan Lapidary and Mineral Society,Lansing,"<a href=""http://www.calvertmarinemuseum.com/209/Fossil-Club"">Calvert Marine Museum Fossil Club</a>"
Copper Country Rock and Mineral Club,Dollar Bay,"<a href=""https://www.meetup.com/rockhounds/"">Central Maryland Rock and Mineral Collectors Exchange</a>"
Flint Rock and Gem Club,Flint,"<a href=""http://www.chesapeakegemandmineral.org/"">Chesapeake Gem &amp; Mineral Society</a>"
Grand Traverse Area Rock and Mineral Club,Traverse City,"<a href=""http://www.gemcuttersguild.com/"">Gem Cutters Guild of Baltimore, Inc.</a>"
Indian Mounds Rock & Mineral Club,Wyoming,"<a href=""http://www.glmsmc.com/"">Gem, Lapidary, and Mineral Society of Montgomery County, MD., Inc.</a>"
Ishpeming Rock and Mineral Club,Ishpeming,"<a href=""http://www.ecphora.net/mgs/"">Maryland Geological Society</a>"
Kalamazoo Geological & Mineral Society,Kalamazoo,"<a href=""http://dcmicrominerals.org/"">Micromineralogists of the National Capital Area</a>"
Livingston Gem & Mineral Society,Howell,"<a href=""http://www.patuxentlapidary.org/"">Patuxent Lapidary Guild</a>"
Michigan Gem & Mineral Society,Michigan Center,"<a href=""http://www.smrmc.org/"">Southern Maryland Rock and Mineral Club</a>"
Michigan Mineralogical Society,Bloomfield Hills,"<a href=""http://www.mineralogicalsocietyofdc.org/"">The Mineralogical Society of the District of Columbia</a>"
Mid-Michigan Rock Club,Midland,"<a name=""ma""></a>"
Midwest Faceters' Guild,Grand Rapids,"<a href=""http://www.bostonmineralclub.org/"">Boston Mineral Club, Inc.</a>"
Midwest Mineralological & Lapidary Society,Taylor,"<a href=""http://www.cvmineralclub.org/"">Connecticut Valley Mineral Club</a>"
Mikenauk Rock and Gem Club,Roscommon,"<a href=""http://micromountersofnewengland.org/"">Micromounters of New England</a>"
Mount Clemens Gem & Lapidary Society,Mt. Clemens,"<a href=""http://www.americantowns.com/ma/westford/organization/nashoba_valley_mineralogical_society"">Nashoba Valley Mineralogical Society</a>"
Oakland County Earth Science Club,Waterford,"<a href=""http://www.northshorerock.org/"">North Shore Rock &amp; Mineral Club of Massachusetts</a>"
Roamin Club,Livonia,"<a href=""http://nbmclub.webs.com/"">Northern Berkshire Mineral Club</a>"
StateLine Gem & Mineral Society,Morenci,"<a href=""http://semmc.com/"">Southeastern Massachusetts Mineral Club</a>"
"Tulip City Gem & Mineral Club, Inc.",Holland,"<a href=""http://worcestermineralclub.org/"">Worcester Mineral Club</a>"
Anoka County Gem & Mineral Club,Minneapolis,"<a name=""mi""></a>"
"Cuyuna Rock, Gem and Mineral Society",Brainerd,"<a href=""https://sites.google.com/site/bigrapidsrockgemmineralclub/"">Big Rapids Rock, Gem &amp; Mineral Club</a>"
Minnesota Mineral Club,Falcon Heights,"<a href=""http://michrocks.org/"">Central Michigan Lapidary and Mineral Society</a>"
Minnesota Valley Gem & Mineral Club,Mankato,"<a href=""http://www.ccrmc.info/"">Copper Country Rock and Mineral Club</a>"
St Croix Rockhounds,Stillwater,"<a href=""http://www.flintrockandgem.org/"">Flint Rock and Gem Club</a>"
"Harrison County Gem & Mineral Society, Inc.",Gulfport,"<a href=""http://tcrockhounds.com/"">Grand Traverse Area Rock and Mineral Club</a>"
Mississippi Gem & Mineral Society,Jackson,"<a href=""http://www.indianmoundsrockclub.com/"">Indian Mounds Rock &amp; Mineral Club</a>"
Mississippi Geological Society,Jackson,"<a href=""http://www.ishpemingrocks.org/"">Ishpeming Rock and Mineral Club</a>"
Mississippi Gulf Coast Gem and Mineral Society,Ocean Springs,"<a href=""http://kalamazoorockclub.org/"">Kalamazoo Geological &amp; Mineral Society</a>"
North Mississippi Gem and Mineral Society,Tupelo,"<a href=""http://www.livingstongemandmineralsociety.com/"">Livingston Gem &amp; Mineral Society</a>"
Central Missouri Rock and Lapidary Club,Columbia,"<a href=""http://mgmsrockclub.com/"">Michigan Gem &amp; Mineral Society</a>"
Independence Gem & Mineral Society,Independence,"<a href=""https://www.michmin.org/"">Michigan Mineralogical Society</a>"
Missouri Valley Gem & Mineral Society,St. Joseph,"<a href=""http://www.midmichrockclub.com/?Page=1"">Mid-Michigan Rock Club</a>"
"Mozarkite Society of Lincoln, Inc.",Lincoln,"<a href=""http://www.midwestfaceters.org/"">Midwest Faceters' Guild</a>"
Ozark Mountain Gem & Mineral Society,Springfield,"<a href=""http://www.mmls.us/"">Midwest Mineralological &amp; Lapidary Society</a>"
Rock Hobby Club of Greater Saint Louis,St. Louis,"<a href=""http://mikenaukclub.weebly.com/"">Mikenauk Rock and Gem Club</a>"
Rockwood Gem & Mineral Society,St. Louis,"<a href=""http://mcgls.org/"">Mount Clemens Gem &amp; Lapidary Society</a>"
St. Louis Mineral & Gem Society,St. Louis,"<a href=""http://www.ocesc.com/"">Oakland County Earth Science Club</a>"
"Show Me Gems & Minerals Club, Inc.",St. Peters,"<a href=""https://roaminrockclub.weebly.com/"">Roamin Club</a>"
Show-Me Rockhounds Kansas City,Kansas City,"<a href=""http://statelinegms.com/"">StateLine Gem &amp; Mineral Society</a>"
"Billings Gem & Mineral Club, Inc.",Billings,"<a href=""http://www.tulipcity.org/"">Tulip City Gem &amp; Mineral Club, Inc.</a>"
Bitterroot Gem & Mineral Society,Corvallis,"<a name=""mn""></a>"
Bozeman Gem and Mineral Club,Bozeman,"<a href=""http://www.amfed.org/mwf/states/Minnesota/AnokaGem.html"">Anoka County Gem &amp; Mineral Club</a>"
Hellgate Mineral Society,Missoula,"<a href=""http://cuyunarockclub.org/wp/"">Cuyuna Rock, Gem and Mineral Society</a>"
Kalispell Rockhound Club,Kalispell,"<a href=""http://minnesotamineralclub.org/"">Minnesota Mineral Club</a>"
"Lincoln Gem & Mineral Club, Inc.",Lincoln,"<a href=""http://www.mnvalleygemandmineralclub.com/"">Minnesota Valley Gem &amp; Mineral Club</a>"
Comstock Gold Prospectors,Reno,"<a href=""http://stcroixrockhounds.org/"">St Croix Rockhounds</a>"
Great Basin Gem & Mineral Club,Carson City,"<a name=""ms""></a>"
High Desert Rockers,Carson City,"<a href=""http://www.gulfportgems.org/"">Harrison County Gem &amp; Mineral Society, Inc.</a>"
Nye Gold Seekers,Pahrump,"<a href=""http://missgems.org/"">Mississippi Gem &amp; Mineral Society</a>"
Reno Gem and Mineral Society,Reno,"<a href=""http://www.missgeo.com/"">Mississippi Geological Society</a>"
Southern Nevada Gem and Mineral Society,Las Vegas,"<a href=""http://www.mgcgms.org/"">Mississippi Gulf Coast Gem and Mineral Society</a>"
Capital Mineral Club,Concord,"<a href=""http://www.nmgms.org/"">North Mississippi Gem and Mineral Society</a>"
Keene Mineral Club,Keene,"<a name=""mo""></a>"
Saco Valley Gem and Mineral Club,Conway,"<a href=""http://www.cmrlc.org/"">Central Missouri Rock and Lapidary Club</a>"
Southeastern New Hampshire Mineral Club,Dover,"<a href=""http://www.igams.co/"">Independence Gem &amp; Mineral Society</a>"
Cape Atlantic Rockhounds Inc.,Cologne,"<a href=""http://www.movalleyrockclub.com/"">Missouri Valley Gem &amp; Mineral Society</a>"
Delaware Valley Earth Science Society,Woodbury,"<a href=""http://www.mozarkite.com/"">Mozarkite Society of Lincoln, Inc.</a>"
Friends of Mineralogy - New Jersey Chapter,Marlboro Township,"<a href=""https://www.facebook.com/omgms.57"">Ozark Mountain Gem &amp; Mineral Society</a>"
Morris Museum Mineralogical Society,Morristown,"<a href=""xxxxxhttp://rockhobby.stlearthsci.org/Home.aspxxxxxx"">Rock Hobby Club of Greater Saint Louis</a>"
"New Jersey Mineralogical Society, Inc",Mountainside,"<a href=""http://rockwood.stlearthsci.org/"">Rockwood Gem &amp; Mineral Society</a>"
"North Jersey Mineralogical Society, Inc.",Paterson,"<a href=""http://www.stlrockclub.com/"">St. Louis Mineral &amp; Gem Society</a>"
Albuquerque Gem & Mineral Club,Albuquerque,"<a href=""http://showme.stlearthsci.org/"">Show Me Gems &amp; Minerals Club, Inc.</a>"
Carlsbad Gem and Mineral Society,Carlsbad,"<a href=""https://showmerockhounds.com/"">Show-Me Rockhounds Kansas City</a>"
Deming Gem & Mineral Society,Deming,"<a name=""mt""></a>"
"Grant County Rolling Stones Gem & Mineral Society, Inc.",Silver City,"<a href=""http://www.billingsgemclub.com/"">Billings Gem &amp; Mineral Club, Inc.</a>"
Los Alamos Geological Society,Los Alamos,"<a href=""http://www.ravalligemandmineralclub.org/"">Bitterroot Gem &amp; Mineral Society</a>"
"Buffalo Geological Society, Inc.",Buffalo,"<a href=""http://bozemangemandmineralclub.com/"">Bozeman Gem and Mineral Club</a>"
Capital District Mineral Club,Albany,"<a href=""https://www.facebook.com/HellgateMineralSociety/"">Hellgate Mineral Society</a>"
"Gem and Mineral Society of Syracuse, Inc.",Syracuse,"<a href=""http://www.kalispellrockhounds.org/"">Kalispell Rockhound Club</a>"
Island Rockhounds Inc.,Bellmore,"<a name=""ne""></a>"
Long Island Mineral & Geology Society,Jamesport,"<a href=""https://www.lincolngemmineralclub.org/"">Lincoln Gem &amp; Mineral Club, Inc.</a>"
Mid-Hudson Valley Gem and Mineral Society Inc.,Poughkeepsie,"<a name=""nv""></a>"
Nassau Mineral Club,Glen Cove,"<a href=""http://cgpgold.org/"">Comstock Gold Prospectors</a>"
New York Mineralogical Club,NYC,"<a href=""http://greatbasingemandmineralclub.rocks/"">Great Basin Gem &amp; Mineral Club</a>"
New York Paleontological Society,NYC,"<a href=""https://highdesertrockers.wordpress.com/"">High Desert Rockers</a>"
Orange County Mineral Society,Middletown,"<a href=""http://nyegoldseekers.webs.com/"">Nye Gold Seekers</a>"
Rochester Academy of Science,Rochester,"<a href=""http://www.renorockhounds.com/"">Reno Gem and Mineral Society</a>"
Rochester Lapiday Society,Rochester,"<a href=""http://www.snvgms.org/"">Southern Nevada Gem and Mineral Society</a>"
St. Lawrence County Rock & Mineral Club,Canton,"<a name=""nh""></a>"
Suffolk Gem & Mineral Club,Bay Shore,"<a href=""http://www.capitalmineralclub.org/"">Capital Mineral Club</a>"
Wayne County Gem and Mineral Club,Newark,"<a href=""https://sites.google.com/site/keenemineralclub/home"">Keene Mineral Club</a>"
Cape Fear Mineral & Gem Society,Fayetteville,"<a href=""http://www.sacovalleygemandmineralclub.org/"">Saco Valley Gem and Mineral Club</a>"
Catawba Valley Gem & Mineral Club,Hickory,"<a href=""https://www.senhmc.org/"">Southeastern New Hampshire Mineral Club</a>"
Central North Carolina Mineral Club,Chapel Hill,"<a name=""nj""></a>"
Charlotte Gem & Mineral Club,Charlotte,"<a href=""http://www.capeatlanticrockhounds.com/"">Cape Atlantic Rockhounds Inc.</a>"
Forsyth Gem and Mineral Club,Winston-Salem,"<a href=""http://www.dvess.org/"">Delaware Valley Earth Science Society</a>"
"Gaston Gem, Mineral and Faceters Club",Gastonia,"<a href=""https://fomnj.wordpress.com/"">Friends of Mineralogy - New Jersey Chapter</a>"
Gem & Mineral Society of Franklin,Franklin,"<a href=""http://morrismuseum.org/mineral-society/"">Morris Museum Mineralogical Society</a>"
Greensboro Gem & Mineral Club,Greensboro,"<a href=""http://www.njmin.org/"">New Jersey Mineralogical Society, Inc</a>"
Henderson County Gem and Mineral Society,Hendersonville,"<a href=""http://www.nojms.webs.com/"">North Jersey Mineralogical Society, Inc.</a>"
Mountain Area Gem and Mineral Association (MAGMA),Asheville,"<a name=""nm""></a>"
North Carolina Fossil Club,Raleigh,"<a href=""http://www.agmc.info/"">Albuquerque Gem &amp; Mineral Club</a>"
Southern Appalachian Mineral Society,Asheville,"<a href=""http://www.carlsbadgms.org/"">Carlsbad Gem and Mineral Society</a>"
Tar Heel Gem & Mineral Club,Raleigh,"<a href=""http://www.thedgms.com/"">Deming Gem &amp; Mineral Society</a>"
Central Dakota Gem & Mineral Society,Bismarck,"<a href=""http://rollingstonesgms.blogspot.com/"">Grant County Rolling Stones Gem &amp; Mineral Society, Inc.</a>"
Brukner Gem and Mineral Club,Troy,"<a href=""http://pweb.netcom.com/~hoffmans/LAGS.html"">Los Alamos Geological Society</a>"
Cincinnati Mineral Society,Cincinnati,"<a name=""ny""></a>"
Columbus Rock and Mineral Society,Columbus,"<a href=""http://www.bgsny.org/"">Buffalo Geological Society, Inc.</a>"
Dayton Gem & Mineral Society,Kettering,"<a href=""http://capitaldistrictmineralclub.com/"">Capital District Mineral Club</a>"
Dry Dredgers,Cincinnati,"<a href=""http://www.gmss.us/"">Gem and Mineral Society of Syracuse, Inc.</a>"
Greater Cincinati Lapidary and Faceting Society,Loveland,"<a href=""http://www.islandrockhounds.org/"">Island Rockhounds Inc.</a>"
North Coast Fossil Club,Cleveland,"<a href=""http://www.limineralandgeology.com/LiMags/Home.html"">Long Island Mineral &amp; Geology Society</a>"
Ohio Geological Society,Worthington,"<a href=""http://mhvgms.org/index.html"">Mid-Hudson Valley Gem and Mineral Society Inc.</a>"
Parma Lapidary Club,Cleveland,"<a href=""http://nassaumineralclub.org/"">Nassau Mineral Club</a>"
Richland Lithic & Lapidary Society,Mansfield,"<a href=""http://www.newyorkmineralogicalclub.org/"">New York Mineralogical Club</a>"
Summit Lapidary Club,Cuyahoga Falls,"<a href=""http://www.nyps.org/index.htm"">New York Paleontological Society</a>"
Toledo Gem & Rockhound Club,Toledo,"<a href=""http://www.orangecountymineralsocietynewyork.com/"">Orange County Mineral Society</a>"
"Ada Gem, Mineral and Fossil Club",Ada,"<a href=""http://www.rasny.org/"">Rochester Academy of Science</a>"
Enid Gem & Mineral Society,Enid,"<a href=""http://www.rochesterlapidary.org/"">Rochester Lapiday Society</a>"
Oklahoma Mineral and Gem Society,Oklahoma City,"<a href=""http://stlawrencecountymineralclub.org/"">St. Lawrence County Rock &amp; Mineral Club</a>"
Shawnee Gem and Mineral Society,Shawnee,"<a href=""http://www.suffolkgem.com/"">Suffolk Gem &amp; Mineral Club</a>"
Tulsa Rock and Mineral Society,Tulsa,"<a href=""http://www.wcgmc.org/"">Wayne County Gem and Mineral Club</a>"
Tahlequah Rock and Mineral Society,Tahlequah,"<a name=""nc""></a>"
Central Oregon Rock Collectors,Redmond,"<a href=""http://www.mercergarden.com/GemClub.html"">Cape Fear Mineral &amp; Gem Society</a>"
Clackamette Mineral and Gem Club,Oregon City,"<a href=""http://www.cvgmc.com/"">Catawba Valley Gem &amp; Mineral Club</a>"
Columbia-Willamette Faceters' Guild,Portland/West Linn,"<a href=""http://www.centralncmineralclub.org/"">Central North Carolina Mineral Club</a>"
FarWest Lapidary & Gem Society,North Bend,"<a href=""http://www.charlottegem.com/"">Charlotte Gem &amp; Mineral Club</a>"
Hatrockhounds Gem and Mineral Society,Hermiston,"<a href=""http://www.forsythgemclub.com/fgmcmain.html"">Forsyth Gem and Mineral Club</a>"
Millennium Diggers Club,Portland,"<a href=""http://gastongemclub.weebly.com/"">Gaston Gem, Mineral and Faceters Club</a>"
Mt Hood Rock Club,Gresham,"<a href=""http://www.fgmm.org/"">Gem &amp; Mineral Society of Franklin</a>"
North American Research Group,Hillsboro,"<a href=""http://www.ggmc-rockhounds.com/"">Greensboro Gem &amp; Mineral Club</a>"
"Oregon Agate & Mineral Society, Inc.",Portland,"<a href=""http://hcgms.com/index.html"">Henderson County Gem and Mineral Society</a>"
Oregon Coast Agate Club,Newport,"<a href=""http://www.wncrocks.com/magma/magma.html"">Mountain Area Gem and Mineral Association (MAGMA)</a>"
Prineville Rockhound Pow-Wow Assoc.,Prineville,"<a href=""http://www.ncfossilclub.org/"">North Carolina Fossil Club</a>"
Rock and Arrowhead Club of Klamath Falls,Klamath Falls,"<a href=""http://www.main.nc.us/sams/"">Southern Appalachian Mineral Society</a>"
Springfield Thunderegg Rock Club,Springfield,"<a href=""http://www.tarheelclub.org/"">Tar Heel Gem &amp; Mineral Club</a>"
Tualatin Valley Gem Club,Forest Grove,"<a name=""nd""></a>"
"Willamette Agate and Mineral Society, Inc.",Salem,"<a href=""https://ndrockclub.org/"">Central Dakota Gem &amp; Mineral Society</a>"
"Central Pennsylvania Rock and Mineral Club, Inc.",Harrisburg,"<a name=""oh""></a>"
"Che-Hanna Rock and Mineral Club, Inc.",Sayre,"<a href=""http://www.bruknergemandmineralclub.com/"">Brukner Gem and Mineral Club</a>"
Delaware Valley Paleontological Society,Philadelphia,"<a href=""http://mineralsociety.org/"">Cincinnati Mineral Society</a>"
Friends of Mineralogy - Pennsylvania Chapter,St. Peters,"<a href=""http://www.columbusrockandmineralsociety.org/"">Columbus Rock and Mineral Society</a>"
Gem City Rock and Mineral Society,Erie,"<a href=""https://www.facebook.com/The-Dayton-Gem-Mineral-Society-140478502678195/"">Dayton Gem &amp; Mineral Society</a>"
Leidy Microscopical Society,Fairless Hills,"<a href=""http://drydredgers.org/"">Dry Dredgers</a>"
"Mason-Dixon Rock, Mineral, Gemological, & Lapidary Club",Hanover,"<a href=""http://cincinnatilapidary.weebly.com/"">Greater Cincinati Lapidary and Faceting Society</a>"
Mineralogical Society of Northeastern Pennsylvania,Moosic,"<a href=""http://ncfclub.org/"">North Coast Fossil Club</a>"
Monongahela Rockhounds,Pittsburgh,"<a href=""https://ohiogeosoc.org/"">Ohio Geological Society</a>"
Monroe County Earth Science Association,Stroudsburg,"<a href=""http://www.parmalapidary.com/"">Parma Lapidary Club</a>"
Moraine Rockbusters,Mars,"<a href=""http://rlls.webs.com/"">Richland Lithic &amp; Lapidary Society</a>"
Nittany Mineralogical Society,State College,"<a href=""http://lapidaryclubofohio.org/"">Summit Lapidary Club</a>"
Pennsylvania Earth Sciences Association,Whitehall,"<a href=""http://rockyreader.com/"">Toledo Gem &amp; Rockhound Club</a>"
Philadelphia Mineralogical Society,Philadelphia,"<a name=""ok""></a>"
Pittsburgh Geological Society,Pittsburgh,"<a href=""http://www.freewebs.com/agmfc/"">Ada Gem, Mineral and Fossil Club</a>"
Tuscarora Lapidary Society,Brookhaven,"<a href=""http://www.enidgemandmineral.org/"">Enid Gem &amp; Mineral Society</a>"
"Rhode Island Mineral Hunters, Inc.",Warwick,"<a href=""http://omgs-minerals.org/"">Oklahoma Mineral and Gem Society</a>"
Aiken Gem and Mineral Society,Aiken,"<a href=""https://www.facebook.com/Shawnee-Gem-and-Mineral-Society-524175917629452/"">Shawnee Gem and Mineral Society</a>"
Columbia Gem & Mineral Society,Columbia,"<a href=""http://www.ttownrockhound.org/"">Tulsa Rock and Mineral Society</a>"
Lowcountry Gem and Mineral Society,North Charleston,"<a href=""http://tramsok.webs.com/"">Tahlequah Rock and Mineral Society</a>"
Pendleton District Gem and Mineral Society,Central,"<a name=""or""></a>"
Western South Carolina Gem and Mineral Society,Greenville,"<a href=""https://corockcollectors.com/"">Central Oregon Rock Collectors</a>"
Sioux Empire Gem and Mineral Society,Sioux Falls,"<a href=""http://www.clackamettegem.org/"">Clackamette Mineral and Gem Club</a>"
Western Dakota Gem & Mineral Society,Rapid City,"<a href=""http://facetersguild.com/"">Columbia-Willamette Faceters' Guild</a>"
Knoxville Gem & Mineral Society,Knoxville,"<a href=""http://www.farwestlapidary.org/"">FarWest Lapidary &amp; Gem Society</a>"
Memphis Archaeological & Geological Society,Memphis,"<a href=""http://jall23.wixsite.com/hatrockhounds"">Hatrockhounds Gem and Mineral Society</a>"
Middle Tennessee Rockhounds,Nashville,"<a href=""http://www.millenniumdiggers.com/"">Millennium Diggers Club</a>"
Mid-Tennessee Gem and Mineral Society,"Murfreesboro, Donelson, Tullahoma","<a href=""https://mthoodrockclub.wordpress.com/"">Mt Hood Rock Club</a>"
Arlington Gem and Mineral Club,Arlington,"<a href=""http://narg-online.com/"">North American Research Group</a>"
Austin Gem and Mineral Society,Austin,"<a href=""http://www.oregonagate.org/"">Oregon Agate &amp; Mineral Society, Inc.</a>"
Central Texas Gem & Mineral Society,Abilene,"<a href=""http://www.coastagates.org/"">Oregon Coast Agate Club</a>"
Chihuahuan Desert Gem and Mineral Club,Alpine,"<a href=""http://prineville.rocks/"">Prineville Rockhound Pow-Wow Assoc.</a>"
Clear Lake Gem and Mineral Society,Houston,"<a href=""http://www.klamathrockclub.org/"">Rock and Arrowhead Club of Klamath Falls</a>"
"Cowtown Gem, Mineral & Glass Society",Fort Worth,"<a href=""http://thundereggrockclub.blogspot.com/"">Springfield Thunderegg Rock Club</a>"
Dallas Gem and Mineral Society,Dallas,"<a href=""https://tvrgc.org/"">Tualatin Valley Gem Club</a>"
Dallas Paleontological Society,Dallas,"<a href=""http://www.wamsi.net/"">Willamette Agate and Mineral Society, Inc.</a>"
East Texas Gem and Mineral Society,Tyler,"<a name=""pa""></a>"
"El Paso Mineral and Gem Society, Inc.",El Paso,"<a href=""http://www.rockandmineral.org/"">Central Pennsylvania Rock and Mineral Club, Inc.</a>"
Fort Worth Gem and Mineral Club,Fort Worth,"<a href=""http://www.chehannarocks.com/"">Che-Hanna Rock and Mineral Club, Inc.</a>"
Fredericksburg Rockhounds,Fredericksburg,"<a href=""https://sites.google.com/site/dvpspaleo/"">Delaware Valley Paleontological Society</a>"
Geological Society of San Antonio,San Antonio,"<a href=""http://www.rasloto.com/FM/"">Friends of Mineralogy - Pennsylvania Chapter</a>"
"Golden Spread Gem, Mineral and Treasure Society",Amarillo,"<a href=""http://www.gemcityrockclub.org/"">Gem City Rock and Mineral Society</a>"
Gulf Coast Gem & Mineral Society,Corpus Christi,"<a href=""http://leidymicroscopical.com/"">Leidy Microscopical Society</a>"
Houston Gem and Mineral Society,Houston,"<a href=""http://topgemz.com/"">Mason-Dixon Rock, Mineral, Gemological, &amp; Lapidary Club</a>"
Lubbock Gem and Mineral Society,Lubbock,"<a href=""http://msnepa.org/"">Mineralogical Society of Northeastern Pennsylvania</a>"
"Midland Gem and Mineral Society, Inc.",Midland,"<a href=""http://www.monongahelarockhounds.org/"">Monongahela Rockhounds</a>"
Oak Cliff Gem and Mineral Society,Dallas,"<a href=""http://www.mdsysconsulting.com/MCESA/"">Monroe County Earth Science Association</a>"
Paleontological Society of Austin,Austin,"<a href=""http://www.morainerockbusters.org/"">Moraine Rockbusters</a>"
Pine Country Gem & Mineral Society,Jasper,"<a href=""http://www.nittanymineral.org/"">Nittany Mineralogical Society</a>"
Piney Woods Gem & Mineral Society,Huntsville,"<a href=""http://www.mineralfest.com/"">Pennsylvania Earth Sciences Association</a>"
Pleasant Oaks Gem & Mineral Club,Dallas,"<a href=""http://www.phillyrocks.org/"">Philadelphia Mineralogical Society</a>"
"Rollin' Rock Club, Inc.",Rollin' Rock Club Of Texas And Any Other State Or Country Of The World and Outer Space,"<a href=""http://www.pittsburghgeologicalsociety.org/index.html"">Pittsburgh Geological Society</a>"
South Texas Geological Society,San Antonio,"<a href=""http://www.lapidary.org/"">Tuscarora Lapidary Society</a>"
Southwest Gem and Mineral Society,San Antonio,"<a name=""ri""></a>"
Texas Faceters Guild,Houston,"<a href=""http://rimh.us/"">Rhode Island Mineral Hunters, Inc.</a>"
"Tri-City Gem and Mineral Society, Inc.",Temple,"<a name=""sc""></a>"
Waco Gem and Mineral Club,Waco,"<a href=""http://www.aikengmfs.org/"">Aiken Gem and Mineral Society</a>"
Williamson County Gem and Mineral Society,Georgetown,"<a href=""http://www.cgams.org/"">Columbia Gem &amp; Mineral Society</a>"
"Wise County Fossil, Rock and Mineral Society",Decatur,"<a href=""http://lowcountrygemandmineralsociety.org/"">Lowcountry Gem and Mineral Society</a>"
Beehive Rock and Gem Club,Ogden,"<a href=""http://www.woodsmere.com/pdgms/"">Pendleton District Gem and Mineral Society</a>"
Cache Rock and Gem Club,Smithfield,"<a href=""http://www.wescagem.org/"">Western South Carolina Gem and Mineral Society</a>"
Golden Spike Gem & Mineral Society,Ogden,"<a name=""sd""></a>"
Mineral Collectors of Utah,Salt Lake City,"<a href=""http://www.segams.org/"">Sioux Empire Gem and Mineral Society</a>"
Moab Rock Club,Moab,"<a href=""http://www.wdgms.org/"">Western Dakota Gem &amp; Mineral Society</a>"
Rockhounders Outreach for Community Knowledge,Sandy,"<a name=""tn""></a>"
Timpanogos Gem & Mineral Society,Provo,"<a href=""http://www.knoxrocks.org/"">Knoxville Gem &amp; Mineral Society</a>"
Tooele Gem & Mineral Society,Tooele,"<a href=""http://www.memphisgeology.org/"">Memphis Archaeological &amp; Geological Society</a>"
Wasatch Gem Society,Salt Lake City,"<a href=""http://www.rockhound.org/"">Middle Tennessee Rockhounds</a>"
Burlington Gem and Mineral Club,Burlington,"<a href=""http://www.mtgms.org/"">Mid-Tennessee Gem and Mineral Society</a>"
Rutland Rock & Mineral Club,Rutland,"<a name=""tx""></a>"
"Gem and Mineral Hunters, Inc.",Manassas,"<a href=""http://www.agemclub.org/"">Arlington Gem and Mineral Club</a>"
Gem and Mineral Society of Lynchburg,Lynchburg,"<a href=""http://www.austingemandmineral.org/index.html"">Austin Gem and Mineral Society</a>"
Gem and Mineral Society of the Virginia Peninsula,Hampton,"<a href=""http://rockclub.txol.net/"">Central Texas Gem &amp; Mineral Society</a>"
"Northern Virginia Mineral Club, Inc.",Arlington,"<a href=""http://www.cdgmc.org/"">Chihuahuan Desert Gem and Mineral Club</a>"
Richmond Gem & Mineral Society,Richmond,"<a href=""http://www.clgms.org/"">Clear Lake Gem and Mineral Society</a>"
Roanoke Valley Mineral & Gem Society,Roanoke,"<a href=""http://cera-fw.org/gem-mineral-glass/"">Cowtown Gem, Mineral &amp; Glass Society</a>"
Shenandoah Valley Gem & Mineral Society,Waynesboro,"<a href=""http://www.dallasgemandmineral.org/"">Dallas Gem and Mineral Society</a>"
Tidewater Gem & Mineral Society,Virginia Beach,"<a href=""https://dps.wildapricot.org/"">Dallas Paleontological Society</a>"
"Bellevue Rock Club, Inc.",Bellevue,"<a href=""http://www.etgms.com/"">East Texas Gem and Mineral Society</a>"
Cascade Mineralogical Society Inc,Kent,"<a href=""http://www.epmgs.com/"">El Paso Mineral and Gem Society, Inc.</a>"
Clallam County Gem & Mineral Association,Port Angeles,"<a href=""http://www.fortworthgemandmineralclub.org/"">Fort Worth Gem and Mineral Club</a>"
Darrington Rock & Gem Club,Darrington,"<a href=""http://fredericksburgrockhounds.org/"">Fredericksburg Rockhounds</a>"
East KingCo Rock Club,Kirkland,"<a href=""http://www.geosa.org/"">Geological Society of San Antonio</a>"
Everett Rock & Gem Club,Everett,"<a href=""http://www.amarillotreasure.com/"">Golden Spread Gem, Mineral and Treasure Society</a>"
Ginkgo Mineral Society,Wenatchee,"<a href=""http://www.gcgms.org/"">Gulf Coast Gem &amp; Mineral Society</a>"
Kitsap Mineral and Gem Societ,Bremerton,"<a href=""http://www.hgms.org/"">Houston Gem and Mineral Society</a>"
"Lakeside Gem & Mineral Club, Inc.",Kennewick,"<a href=""http://www.lubbockgemandmineral.org/"">Lubbock Gem and Mineral Society</a>"
Maplewood Rock & Gem Community Club,Edmonds,"<a href=""https://www.facebook.com/midlandgemandmineral/"">Midland Gem and Mineral Society, Inc.</a>"
Marcus Whitman Gem and Mineral Society,Walla Walla,"<a href=""http://www.ocgemandmineral.com/"">Oak Cliff Gem and Mineral Society</a>"
"Marysville Rock & Gem Club, Inc.",Marysville,"<a href=""http://www.austinpaleo.org/"">Paleontological Society of Austin</a>"
Mount Baker Rock And Gem Club,Bellingham,"<a href=""http://www.pinecountry-gms.org/"">Pine Country Gem &amp; Mineral Society</a>"
North American Miners Association,Kent,"<a href=""http://www.pwgms.org/"">Piney Woods Gem &amp; Mineral Society</a>"
North Puget Sound Facetors Guild,Mount Vernon,"<a href=""http://www.pogmc.org/"">Pleasant Oaks Gem &amp; Mineral Club</a>"
Northwest Paleontological Association,Puget Sound,"<a href=""https://sites.google.com/site/rollinrockclub/"">Rollin' Rock Club, Inc.</a>"
Panorama Gem & Mineral Club,Arden,"<a href=""http://www.stgs.org/"">South Texas Geological Society</a>"
Puyallup Valley Gem & Mineral Club,Puyallup,"<a href=""http://www.swgemandmineral.org/"">Southwest Gem and Mineral Society</a>"
Skagit Rock and Gem Club,Mt. Vernon,"<a href=""http://texasfacetersguild.org/"">Texas Faceters Guild</a>"
Spokane Rock Rollers Club,Spokane Valley,"<a href=""https://www.facebook.com/midlandgemandmineral/"">Tri-City Gem and Mineral Society, Inc.</a>"
North Seattle Lapidary & Mineral Club,Seattle,"<a href=""http://www.wacogemandmineral.org/"">Waco Gem and Mineral Club</a>"
Washington Agate and Mineral Society,Olympia,"<a href=""http://www.wcgms.org/"">Williamson County Gem and Mineral Society</a>"
West Seattle Rock Club,Seattle,"<a href=""http://wisecofossilrockandmineralsoc.weebly.com/"">Wise County Fossil, Rock and Mineral Society</a>"
Yakima Rock & Mineral Club,Yakima,"<a name=""ut""></a>"
Kanawha Rock and Gem Club,Charleston,"<a href=""http://www.beehiverockandgem.com/"">Beehive Rock and Gem Club</a>"
Prehistoric West Virginia,Morgantown,"<a href=""http://cacherockgemclub.weebly.com/"">Cache Rock and Gem Club</a>"
West Virginia Fossil Club Inc,Clarksburg,"<a href=""http://goldenspikegem.org/"">Golden Spike Gem &amp; Mineral Society</a>"
"Badger Lapidary & Geological Society, Inc.",Monroe,"<a href=""http://m-c-u.org/"">Mineral Collectors of Utah</a>"
Coulee Rock Club of La Crosse,La Crosse,"<a href=""https://www.facebook.com/Moab-Rock-Club-1508131859497762/"">Moab Rock Club</a>"
Heart of Wisconsin Gem & Mineral Society,Marshfield & Stevens Point,"<a href=""http://www.rockhoundersock.com/"">Rockhounders Outreach for Community Knowledge</a>"
Kettle Moraine Geological Society,Pewaukee,"<a href=""http://timprocks.weebly.com/"">Timpanogos Gem &amp; Mineral Society</a>"
Lakeland Gem Club,Minocqua,"<a href=""https://www.facebook.com/Tooele-Gem-Mineral-Society-1742342656045404/"">Tooele Gem &amp; Mineral Society</a>"
Madison Gem and Mineral Club,Madison,"<a href=""http://www.wasatchgemsociety.com/"">Wasatch Gem Society</a>"
Northwest Wisconsin Gem & Mineral Society,Cameron,"<a name=""vt""></a>"
Oshkosh Earth Science Club,Oshkosh,"<a href=""http://www.burlingtongemandmineralclub.org/"">Burlington Gem and Mineral Club</a>"
"Racine Geological Society, Inc",Racine,"<a href=""http://www.rutlandrockmineralclub.50webs.com/"">Rutland Rock &amp; Mineral Club</a>"
Weis'n'Miners Geology Club,Menasha,"<a name=""va""></a>"
Wisconsin Geological Society,West Allis,"<a href=""http://www.gmhonline.org/"">Gem and Mineral Hunters, Inc.</a>"
Cody 59ers Rock Club,Cody,"<a href=""http://www.lynchburgrockclub.org/"">Gem and Mineral Society of Lynchburg</a>"
Riverton Mineral and Gem Society,Riverton,"<a href=""http://www.gmsvp.org/"">Gem and Mineral Society of the Virginia Peninsula</a>"
Wyoming State Mineral and Gem Society,Cody,"<a href=""http://www.novamineralclub.org/"">Northern Virginia Mineral Club, Inc.</a>"
